X		讓 認同 台灣 的 民眾 直線 上升 ，
LL	灰頭土臉	讓 執政黨 灰頭土臉 ，
LL	顏面 盡失	讓 中國 當局 顏面 盡失 。
X		讓 中國 容易 掌控 台灣 每 一 位 用戶 （ 包括 官員 、 立委 ） 的 個 資 。
X		顯見 青年 世代 儘管 掀起 要求 改革 的 洶湧 波濤 ，
X		聽到 他 更多 開示 兩岸 經濟 關係 密切 ，
X		黨國 當局 處理 美麗島 事件 ，
LL	損	黨政 分離 自 有損 馬英九 的 「 完全 執政 」 ，
LL	煙霧	釋放 「 雙英會 」 的 煙霧 。
X	贏得	贏得 二○一六 ，
X		繼 六月 「 白皮書 」 表明 強力 主導 香港 事務 之後 ，
PS	難道 這 是 人民 的 「 暴力 杯葛 」 嗎 ？	難道 這 是 人民 的 「 暴力 杯葛 」 嗎 ？
DT	難道 是 這樣 的 想法 嗎 ？	難道 是 這樣 的 想法 嗎 ？
NCL	「 暴鎮 」	難怪 「 暴鎮 」 之後 ，
X		關於 服貿協議 的 辯論 圍繞 著 對於 中國 利用 經濟 進一步 加強 對 台灣 主權 主張 的 憂慮 。
LL	離題	離題 且 目 無 災民 ，
LL	束手無策	雙手 獨攬 權力 的 馬英九 對 天災人禍 都 是 束手無策 。
NCL	雙手 獨攬 權力 的 馬英九	雙手 獨攬 權力 的 馬英九 對 天災人禍 都 是 束手無策 。
X		鮮少 溝通 誠意 ；
X		還 長 著 一 個 大 花苞 ，
LL	恐怖	還 有 多少 看 不 到 卻 更 恐怖 的 事情 正在 發生 ？
X		邀請 學生 代表 到 總統府 ，
X		輿論 攻勢 隨即 展開 。
LL	肖 話	講出 「 警察 受傷 人數 比 民眾 多 」 的 肖 話 ，
LL	謊話 連篇	謊話 連篇 的 官方 文宣 難以 混淆 大眾 視聽 ，
X		聲稱 將 服貿 協議 逕 送 院會 「 存查 」 ，
X		總統府 所謂 的 「 馬英九 總統 願 在 不 預設 任何 前提 下 ，
X	熱烈	獲得 台灣 人民 熱烈 支持 ，
X		檢警 加緊 偵辦 追訴 學生 ，
X	國際化	應 走 國際化 而 不 是 中國化 。
NCL	幫腔 幫閑 者	幫腔 幫閑 者 也 出動 ︰ 丁中江 在 電視 宣稱 ：
X		隨後 展開 二十四 天 的 抗爭 、 衝撞 與 對話 ，
LL	開門揖盜	選擇 開門揖盜 。
X		選擇 站 在 民意 與 年輕 世代 的 對立面 ，
ATA	甄妮	選出 歌星 甄妮 所 說 的 「 無能 領導 者 」 ，
LL	輸掉	輸掉 台灣 ，
LL	諷刺 	諷刺 的 是 ，
LL	激勵	激勵 愈來愈 多 人民 抗爭 。
X	擔心	擔心 與 中國 過度 緊密 ，
X		擔心 與 中國 過度 緊密 ，
X		擋不住 大江東 流
X		導致 立法院 的 生態 向 民意 微調 嗎 ？
X		導致 台灣 承諾 的 開放 程度 ，
X		學運 不論 最終 如何 「 退場 」 ，
LL	惡評	儘管 惡評 如 潮 ，
LL	最 爛	遭 各界 批評為 有史以來 最 爛 的 名單 ，
X	最 爛	遭 各界 批評為 有史以來 最 爛 的 名單 ，
PS	誰 會 看 不 懂 、 想 不 清楚 ？	誰 會 看 不 懂 、 想 不 清楚 ？
X	誰 會 看 不 懂 、 想 不 清楚 ？	誰 會 看 不 懂 、 想 不 清楚 ？
X	熱烈	數 月 後 且 在 九 合一 選舉 經 台灣 人民 以 選票 熱烈 回應 ，
X		數 月 後 且 在 九 合一 選舉 經 台灣 人民 以 選票 熱烈 回應 ，
X	矚目 	廣受 國際 矚目 。
X		廣受 國際 矚目 。
X		廣告 服務 等 行業 開放 ，
LL	無能	領導人 無能 絕非 國家 之 福 ，
X		領導人 無能 絕非 國家 之 福 ，
X		遠 高於 中國 承諾 的 開放 程度 。
X		製造 暴亂 ，
X		與 國人 切身 的 產業 生存 問題 ，
X		與 香港 的 處境 其實 相差 不 大 ，
X		與 我方 的 開放 承諾 有 明顯 差距 ；
X		與 民主 國家 往來 也 符合 台灣 利益 ，
X		與 民主 改革 站 在 對立面 的 威權 體制 ，
X		與 太陽 花 學運 若 合符 節 。
LL	憂慮	種種 這些 影響 國家 安全 的 憂慮 ，
LL	惡果	種下 了 惡果 。
X		種下 了 惡果 。
X		監察 委員 提名 名單 ，
LL	濫	監督 馬政府 濫 以 行政 命令 偷渡 對 中國 開放 政策 。
LL	偷渡	監督 馬政府 濫 以 行政 命令 偷渡 對 中國 開放 政策 。
NCL	醜 角色	盡 是 配合 演出 的 醜 角色 。
LL	漁獵	漁獵 最 大 的 利益 。
PS	滿意度 會 一路 滑到 九 趴 嗎 ？	滿意度 會 一路 滑到 九 趴 嗎 ？
LL	暴力	徹底 不顧 程序 正義 的 多數 暴力 ，
X		對照 學生 領袖 及 公民 團體 代表 的 要求 ，
X	對於 國人 有 任何 起碼 的 說明 與 釋疑 嗎 ？	對於 國人 有 任何 起碼 的 說明 與 釋疑 嗎 ？
X		對方 福建省 和 廣東省 局部 開放 ；
X		對 學生 製造 社會 壓力 不成 ，
NCL	向 中國 傾斜 政策	對 馬政府 向 中國 傾斜 政策 當頭棒喝 ，
LL	破產	對 香港 及 國際 間 的 承諾 破產 ，
X	破產	對 香港 及 國際 間 的 承諾 破產 ，
X		對 外 積極 與 美 歐 日 東協 等 貿易 夥伴 強化 經貿 關係 。
X		對 外 投資 也 都 集中 於 中國 ；
ATA	華爾街日報	對 內 有如 華爾街日報 所 指 的 ，
X		對 內 有如 華爾街日報 所 指 的 ，
PS	實質 薪資 所得 會 愈 拚 愈 回去 嗎 ？	實質 薪資 所得 會 愈 拚 愈 回去 嗎 ？
LL	不可 原諒	實在 不可 原諒 。
X		實在 不可 原諒 。
X		實 難 相提並論 。
X		實 令 人 難以 樂觀 。
X		鼓吹 自由 經貿 與 全球化 是 它 一貫 目標 。
X		違反 委員會 排 案 慣例 ，
LL	失敗 的	過去 失敗 的 手法 再現 ，
X		過去 失敗 的 手法 再現 ，
X		過去 一 年 台灣 從 悲觀 轉向 希望 。
X		運輸 服務業 開放給 中國 ，
X		跳脫 以往 政治 考量 模式 的 新 趨勢 。
X		該 黨 毫無 作為 ，
X		該 領 的 錢 繼續 領 ，
LL	肆	肆 行 其 直接 接觸 三 中 一 青 的 新 統戰 攻勢 ，
X		肆 行 其 直接 接觸 三 中 一 青 的 新 統戰 攻勢 ，
X		經濟部 投審會 颱風 天 加班 審查 投資 中國 案 ，
LL	「 以 商 逼 政 」	經濟 受制於 中國 所 導致 的 「 以 商 逼 政 」 效應 早已 發生 ，
X		經濟 受制於 中國 所 導致 的 「 以 商 逼 政 」 效應 早已 發生 ，
NCL	共匪	經過 幾 年 跟 共匪 如膠似漆 ，
X		經過 幾 年 跟 共匪 如膠似漆 ，
LL	虛晃 一 招	經過 兩岸 協商 虛晃 一 招 ，
NCL	元凶	經貿 孤立 台灣 的 元凶 與 幫凶
X		經貿 孤立 台灣 的 元凶 與 幫凶
X		當時 「 兩 大 報 」 的 社論 標題 「 支持 警總 依法 制裁 陰謀 暴力 份子 」 、 「 策動 暴行 應 受 國法 制裁 」 ，
X		當家 做主 的 普世 價值 深入 社會 人心 。
X		當局 宣稱 軍警 一百八十二 人 受傷 ，
X		當局 的 計畫 趕不上 變化 。
LL	黑道 恐嚇	當局 只 剩 消耗戰 和 黑道 恐嚇 的 伎倆 。
LL	伎倆	當局 只 剩 消耗戰 和 黑道 恐嚇 的 伎倆 。
LL	毀壞	當 民選 政府 已經 毀壞 民主 機制 時 ，
X		照 著 島嶼 每 一 個人 。
X		概 由 馬英九 負責 。
LL	暗潮	暗潮 比 浪花 還 多 。
X		暗潮 比 浪花 還 多 。
X		新疆 、 西藏 、 香港 ，
X		意外 衝進 國會 殿堂 ，
X		愈來愈 多 退伍 將校 遭 中國 吸收 ，
X		愈 是 遭逢 批評 聲浪 就 愈 是 死守 兩 個 基本 點 ：
NCL	背離 民意 的 政府	想 用 公民權 拆掉 這 個 背離 民意 的 政府 ，
HA	天安門 事件	幹出 「 台灣版 天安門 事件 」 ，
NCL	「 台灣版 天安門 事件 」	幹出 「 台灣版 天安門 事件 」 ，
NCL	傾中 政策	傾中 政策 導致 利益 落入 政商 權貴 買辦 ，
LL	傷害	傷害 社會 正義 ，
ATA	傳統 基金會	傳統 基金會 資深 研究員 威爾遜 （ William T . Wilson ） 的 「 經濟 傾斜 、 台灣 命運 操 諸 中國 政治 決定 」 ，
X		傳統 基金會 資深 研究員 威爾遜 （ William T . Wilson ） 的 「 經濟 傾斜 、 台灣 命運 操 諸 中國 政治 決定 」 ，
X		進行 鬆綁 與 自由化 改革 ，
X		進一步 評比 ，
X		華爾街日報 未加 體察 ，
ATA	華爾街日報	華爾街日報 上 週 以 「 台灣 自甘 落後 」 （ Taiwan Leaves Itself Behind ） 為題 ，
X		給 中國 藉由 廣告 分配 的 機會 控制 台灣 媒體 ，
X		絕不 在 民意 面前 低頭 ，
X		結果 ，
TTC	答案 當然 是 否定 的	答案 當然 是 否定 的 ，
X		硬 在 去年 六月 由 海基 、 海協 兩 會 逕行 「 畫押 」 的 服貿 協議 ，
LL	無比 威力	發揮 了 網路 世代 全球 連結 的 無比 威力 ，
X		發揮 了 網路 世代 全球 連結 的 無比 威力 ，
X		然而 ，
X		然而 ，
NCL	「 中國 軍閥 鐵蹄 」	無疑 是 影射 蔣介石 的 「 中國 軍閥 鐵蹄 」 蹂躪 台灣 人民 。
LL	蹂躪	無疑 是 影射 蔣介石 的 「 中國 軍閥 鐵蹄 」 蹂躪 台灣 人民 。
X		無 程序 正義 即 無 實質 正義 ，
X		港星 杜汶澤 在 臉 書 為 學生 加油 ，
LL	奮起	港人 乃 奮起 抵抗 。
X		最終 任 其 掌控 。
LL	中肯	最為 中肯 。
LL	行動 暴力	最後 化 語言 暴力 為 行動 暴力 。
X		最 值得 處境 未必 優於 香港 的 台灣 人民 在 聲援 義助 之 際 ，
LL	言行 不一	最 是 言行 不一 。
LL	反感 	最 令 人 反感 的 ，
X		普遍 多 為 中小型 企業 ，
LL	揭露	揭露 、 反擊 、 破解 了 過氣 不實 的 黨國 輿論 製造術 。
LL	破解	揭露 、 反擊 、 破解 了 過氣 不實 的 黨國 輿論 製造術 。
LL	不實	揭露 、 反擊 、 破解 了 過氣 不實 的 黨國 輿論 製造術 。
X		揭露 、 反擊 、 破解 了 過氣 不實 的 黨國 輿論 製造術 。
X		換來 夏 立言 與 張志軍 可望 在 四月 舉行 「 夏張會 」 。
X		換言之 ，
X		換言之 ，
X		換言之 ，
X		揚言 若 修改 服貿 協議 ，
NCL	不 適格 不 適任 者	提名 那些 不 適格 不 適任 者 的 馬英九 ，
LL	嚴厲	提出 最 嚴厲 的 抗議 與 譴責 ；
LL	譴責	提出 最 嚴厲 的 抗議 與 譴責 ；
X		提出 三 大 訴求 ︰ 「 監督 條例 要 確實 」 、 「 憲政 改革 要 啟動 」 、 「 貨貿 談判 要 停止 ，
X		幾 年 後 又 是 一 條 好漢 ，
NCL	明日 台灣 」	就是 明日 台灣 」 。
X		就是 明日 台灣 」 ，
X		就是 今日 台灣 」 。
X		就此 而 言 ，
X		就 問題 本質 論 ，
X		就 兩岸 服務 貿易 協議 議題 對話 」 ，
X		就 有 責任 再 多 說 幾 次 」 ，
X		報章
X		報章
X		報章
X		報章
X		報章
X		報章
X		報章
X		報章
X		堪稱 國內外 同 獲 認證 。
X		都 屬 「 台獨 份子 」 ；
NCL	這 個 「 自絕 於 國人 」 的 政府	都 被 這 個 「 自絕 於 國人 」 的 政府 冠上 無知 、 鎖國 、 不 理性 、 引起 不安 等 帽子 。
X		都 是 國民黨 最 重要 的 議題 ；
LL	惡果	都 是 其 惡果 。
LL	一針見血	都 是 一針見血 的 警告 。
FW	民意 基礎	都 有 廣大 民意 基礎 。
X		都 有 不少 回響 ，
X		都 因 馬 主席 而 起 。
X		連日 來 ，
LL	向 中國 靠攏	連 認同 都 已經 向 中國 靠攏 了 。
LL	圍 事	連 黑道 都 出動 圍 事 。
X		連 國民黨 立委 也 難以 力 挺 到底 。
LL	落伍	連 民進黨 都 顯得 相對 落伍 了 ，
X		通訊 服務業 開放給 中國 ，
X		這樣 的 心態 跟 北京 領導人 不相上下 ，
LL	怵目驚心	這些 看 得到 的 已經 夠 怵目驚心 了 ，
X		這 種 戰場 不 在 立法院 ，
LL	傲慢	這 就 叫做 權力 的 傲慢 ，
X	流血	這 場 流血 「 暴鎮 」 ，
X		這 場 流血 「 暴鎮 」 ，
PS	這 豈不 說明 M 503 航路 對 我國 飛 安 與 國安 確實 存在 威脅 ？	這 豈不 說明 M 503 航路 對 我國 飛 安 與 國安 確實 存在 威脅 ？
X		這 豈不 說明 M 503 航路 對 我國 飛 安 與 國安 確實 存在 威脅 ？
LL	國民黨 「 暴政 」	這 根本 是 國民黨 「 暴政 」 下 的 「 暴鎮 」 ！
NCL	中國黨	這 恐怕 是 國 共 兩 個 中國黨 始 料 所 未及 的 事 。
LL	跳針式 喊話	這 個人 繼續 貌似 誠懇 地 做 跳針式 喊話 ，
LL	軟土 深 掘	這 個 政府 軟土 深 掘 ，
LL	蠻幹	這 個 政府 在 蠻幹 之餘 ，
X		這 個 政府 在 蠻幹 之餘 ，
X		這 個 政府 已經 失去 了 繼續 治理 的 正當性 ，
LL	危機	這 是 台灣 民主 最 大 危機 。
X		這 是 台灣 民主 最 大 危機 。
NCL	長期 關心 台灣 的 專家	這 位 長期 關心 台灣 的 專家 所 說 的 ，
ATA	長期 關心 台灣 的 專家	這 位 長期 關心 台灣 的 專家 所 說 的 ，
NCL	九 趴 總統	這 位 九 趴 總統 會不會 像 亞努科維奇 那樣 「 引 清兵 入關 」 。
X	引 清兵 入關	這 位 九 趴 總統 會不會 像 亞努科維奇 那樣 「 引 清兵 入關 」 。
X		這 次 高雄 氣爆 ，
PS	這 叫 甚麼 ？	這 叫 甚麼 ？
LL	一廂情願	這 不但 一廂情願 ，
X		這 不但 一廂情願 ，
LL	糞土	這 已經 是 把 民意 當作 糞土 。
X		這 已經 是 把 民意 當作 糞土 。
X		這 也 是 坊間 各 種 民調 都 顯示 ：
PS	貧富 差距 會 持續 擴大 嗎 ？	貧富 差距 會 持續 擴大 嗎 ？
X		貧富 差距 會 持續 擴大 嗎 ？
LL	慷慨 陳詞	被告 慷慨 陳詞 ，
LL	轉捩點	被 視為 威權 體制 走向 解體 、 台灣 加速 民主化 的 轉捩點 。
LL	咎由自取	被 刷掉 的 十一 人 固然 咎由自取 ，
X	咎由自取	被 刷掉 的 十一 人 固然 咎由自取 ，
X		被 台北 地院 無 保 請回 的 學生 魏揚 ，
X		竟然 得到 行政院 「 感謝 辛勞 」 ，
X		竟然 尚未 改善 軍 中 人權 ，
X		竟然 使用 「 報告 長官 」 的 措辭 ；
PS	竟	竟 僅 遭 判刑 一 年 兩 個 月 定讞 ，
PS	竟	竟 開放 了 一些 不 該 開放 的 項目 給 中國 ，
TTC	眾所周知 ，	眾所周知 ，
X	眾所周知	眾所周知 ，
X		產業 競爭力 提升 及 結構 調整 才 是 關鍵 ，
X		理應 觀照 全 局 ，
X		現在 馬英九 不顧 高雄市 氣爆 、 南 台灣 豪雨 成 災 也 要 趕工 「 鋪路 」 。
LL	毫不 在意 。	毫不 在意 。
X		毫不 在意 。
LL	唯命是從	梁振英 對 中國 當局 唯命是從 ，
LL	羅織 罪名	接下來 是 羅織 罪名 的 司法 程序 。
X	改革	掀起 改革 風潮 ，
LL	情何以堪 。	情何以堪 。
X	情何以堪	情何以堪 。
X		從來 都 只 能 靠 當地人 絕地 抗命 」 ，
X		從而 ，
X		從而 ，
X		從而 ，
NCL	「 公民 不 服從 運動 」	從 這 一 「 公民 不 服從 運動 」 相關 各 方 的 反應 看來 ，
X		從 這 一 「 公民 不 服從 運動 」 相關 各 方 的 反應 看來 ，
X		從 馬英九 的 言行 看 ，
X		從 美麗島 事件 看 如今 學運 ，
NCL	鳥籠 公投	從 打破 最 受 詬病 的 鳥籠 公投 限制 ，
X		從 打破 最 受 詬病 的 鳥籠 公投 限制 ，
X		從 二○○九年 的 八八 水災 到 今年 的 八一 高雄 氣爆 ，
X		從 「 終極 統一 」 來 看 台灣 ，
X		從 「 張慶忠 的 三十 秒 」 刺激 學生 佔領 立法院 議場 以來 ，
LL	強推 	強推 服貿 ，
X		強推 服貿 ，
X		強化 產業 競爭力 與 結構 ，
X	「 改變成 真 」	帶領 台灣 邁向 「 改變成 真 」 新 境界 。
LL	盜取	將 衍生 我國 人民 個 資 被 盜取 ，
LL	險境 ，	將 人民 直接 曝 於 險境 ，
LL	惡評	國際 惡評 、 抗議 連署 、 罷課 風潮 方興未艾 。
X		國際 惡評 、 抗議 連署 、 罷課 風潮 方興未艾 。
ATA	國際 媒體	國際 媒體 的 報導 應該 不 是 「 錯覺 」 。
LL	 譴責	國際 媒體 也 嚴厲 譴責 。
X	譴責	國際 媒體 也 嚴厲 譴責 。
X		國際 空間 縮小 ，
LL	逆來順受	國家 的 主人 逆來順受 就 會 淪為 僕人 。
LL	淪為	國家 的 主人 逆來順受 就 會 淪為 僕人 。
FW	國家 安全	國家 安全 是 公共 財 ，
X		國防部 表示 全程 掌握 ，
LL	崩盤	國民黨 選舉 崩盤 主席 換人 ，
X		國民黨 立院 黨團 書記長 費鴻泰 昨日 表示 ，
LL	撕毀	國民黨 立院 黨團 承 命 在 國會 撕毀 朝野 協商 達成 必須 逐條 審查 、 逐條 表決 的 共識 ，
X		國民黨 主席 朱立倫 宣稱 ，
X		國人 記憶猶新 。
X		商人王 又 曾 捐款 一百萬 元 致敬 ，
X		唯 其 如此 ，
X		參與 者 都 是 「 陰謀 暴力 份子 」 。
X		停刊號 社論 高呼 「 大江東 流 擋不住 」 。
X		高雄 氣爆 市民 要 自救 ，
X		馬英九心 不 在 此 也 志不在此 。
X		馬英九 還 在 怪罪 學運 妨礙 黑箱 服貿 ，
X		馬英九 總統 在 三一八 這 一 天 卻 跳過 這 一 重點 ，
X		馬英九 總統 本 週一 在 為 高雄 氣爆 的 記者會 ，
LL	獨沽 中國 一味	馬英九 獨沽 中國 一味 ，
X		馬英九 就是 要 貫徹 他 的 權力 ，
LL	「 無能 」	馬英九 就是 「 無能 」 ，
X		馬英九 單挑 華爾街日報 這 一 社論 高談闊論 ，
LL	強推	馬英九 強推馬英九 強推黑 箱 服 貿 ， ，
LL	黑 箱 	馬英九 強推馬英九 強推黑 箱 服 貿 ， ，
X		馬英九 針對 高雄 氣爆 事件 召開 記者會 ，
X		馬英九 拿 亞洲 華爾街日報 的 社論 為 自己 撐腰 。
NCL	馬英九 們 ，	馬英九 們 ，
LL	日薄西山	馬英九 政權 日薄西山 ，
LL	沾沾自喜	馬英九 政府 沾沾自喜 的 觀光客 成長 ，
X		馬英九 的 談話 ，
X		馬英九 的 處境 類似 烏克蘭 落跑 總統 亞努科維奇 。
X		馬英九 的 心 中 只有 服貿 、 自 經 區 ，
X		馬英九 爭分奪秒 地 為 「 終極 統一 」 鋪路 。
LL	騙局	馬英九 自己 拆穿 了 「 以 台灣 為主 、 對 人民 有利 」 的 騙局 。
LL	被迫	馬英九 因之 被迫 辭去 黨主席 ，
LL	「 獨裁 」	馬英九 之所以 能 「 獨裁 」 ，
LL	鯨吞 	馬英九 不惜 讓 中國 鯨吞 蠶食 我國 主權 、 國安 ，
FW	主權	馬英九 不惜 讓 中國 鯨吞 蠶食 我國 主權 、 國安 ，
PS	馬英九 不 也 是 如此 心態 嗎 ？	馬英九 不 也 是 如此 心態 嗎 ？
LL	偷渡	馬政府 的 高官 仍 不惜 以 偷渡 方式 繼續 其 對 中國 門戶 洞開 的 作為 。
LL	門戶 洞開	馬政府 的 高官 仍 不惜 以 偷渡 方式 繼續 其 對 中國 門戶 洞開 的 作為 。
X		馬政府 仍 執意 第十 輪 談判 最近 在 中國 進行 。
NCL	馬 黨國 老狗	馬 黨國 老狗 變 不 出新 把戲 ，
X		馬 黨國 老狗 變 不 出新 把戲 ，
X		馬 政府 對付 學生 的 手法 ，
X		馬 政府 現在 顯然 在 用 「 先 鎮 後 拖 」 策略 ，
LL	冥頑不靈	馬 政府 冥頑不靈 ，
X	冥頑不靈	馬 政府 冥頑不靈 ，
X		馬 政府 的 文官 ，
X		馬 政府 依舊 堅稱 服貿協議 絕不 撤回 ，
X		馬 政府 把 攻佔 國會 定位為 強佔 公署 的 非法 行為 ，
LL	交叉 感染	馬 政府 已經 交叉 感染 了 國民黨 威權 遺毒 與 共產黨 專政 遺毒 ，
LL	遺毒	馬 政府 已經 交叉 感染 了 國民黨 威權 遺毒 與 共產黨 專政 遺毒 ，
X	遺毒	馬 政府 已經 交叉 感染 了 國民黨 威權 遺毒 與 共產黨 專政 遺毒 ，
LL	權力 的 傲慢	除了 權力 的 傲慢 ，
X		除了 權力 的 傲慢 ，
X		除了 宣稱 軍警 「 打 不 還手 、 罵 不 還口 」 ，
X		除了 兩岸 監督 條例 ，
X		財經 首長 賣力 演出 ，
X		航空器 租賃業 開放給 中國 ，
LL	可笑	真是 可笑 ，
X	可笑	真是 可笑 ，
LL	清新 	特別 是 年輕 一 代 的 清新 理想 朝氣 ，
X	理想 	特別 是 年輕 一 代 的 清新 理想 朝氣 ，
ATA	鄭秀玲	根據 鄭秀玲 整理 的 項目 不 對等 對照表 中 ，
X		根據 鄭秀玲 整理 的 項目 不 對等 對照表 中 ，
X		時代 已經 不 一樣 ，
X		效應 擴大 ，
X	共鳴	恐怕 更 能 獲得 共鳴 吧 。
X		恐怕 更 能 獲得 共鳴 吧 。
LL	宰殺	宰殺 所有 產業 ，
DT	哪來 「 深 自 反省 」 ？	哪來 「 深 自 反省 」 ？
X		哪來 「 深 自 反省 」 ？
LL	剝奪	剝奪 了 人民 表意 的 自由 ，
X		剝奪 了 人民 表意 的 自由 ，
X		剛好 被 馬英九 引為 大作 文章 的 題材 。
ATA	華爾街日報	剛 過 一百二十五 年 社慶 的 華爾街日報 ，
LL	衝突	香港人 與 中國客 的 衝突 不斷 ，
X		香港人 與 中國客 的 衝突 不斷 ，
X		香港人 爭 真 普選 ，
X		香港 學聯 強調 ，
LL	專制	香港 不甘 被 關入 專制 牢籠 ，
LL	牢籠	香港 不甘 被 關入 專制 牢籠 ，
X		香港 十七 年前 從 英國 殖民地 回歸 中華 「 人民 」 共和國 ，
X		香港 人民 到 今天 卻 仍 無緣 當家 做主 ，
X		首席 談判 代表 張 顯耀 有 洩密 甚至 共諜 之 嫌 ！
X		面對 黨 內 ，
X		面對 民意 ，
X		面對 中國 ，
X		限縮 國際 空間 。
X		軍官 共諜 層級 上升 ，
X		要求 補正 公投法 、 修改 選罷法 ，
X		要 選 院轄市 長者 ，
X		要 談 國際 媒體 ，
X		要 決定 港人 命運 ；
X		要 克 竟 其 功 ，
ATA	經濟 學人 雜誌	英國 經濟 學人 雜誌 稱 馬英九 「 無能 」 ，
X		若 不當 一 回 事 嚴肅 以 對 ，
FW	國家 安全 	致 令 國家 安全 受到 強大 威脅 。
LL	背離 	背離 正常 民主 程序 ，
FW	正常 民主 程序	背離 正常 民主 程序 ，
NCL	紅頂 商人	紅頂 商人 對 中國 官員 哈腰 諂媚 的 場面 從 北京 演 到 台北 ，
LL	諂媚	紅頂 商人 對 中國 官員 哈腰 諂媚 的 場面 從 北京 演 到 台北 ，
X		約 可 領取 八 、 九萬 元 。
X		相形之下 ，
LL	恐嚇	甚至 動員 利益 共同體 的 企業 來 恐嚇 人民 ；
X		甚至 內鬨 ，
X		為了 求取 中國 以 馬 政府 為 談判 對手 ，
NCL	黨 外 精英	為 配合 一網打盡 黨 外 精英 ，
X		為 事件 定性 之後 ，
LL	黑箱	為 抗議 馬政府 服貿 協議 黑箱 作業 ，
NCL	「 天龍國 」	洗去 「 天龍國 」 污名 ，
X		柯政盛 等 輕 判 ，
X	柯 Ｐ	柯 Ｐ 要 大家 「 不忘 太陽花 精神 」 ，
PS	是否 如 國民 黨團 宣稱 的 「 視為 已 審查 」 ？	是否 如 國民 黨團 宣稱 的 「 視為 已 審查 」 ？
X		是 具 國際 影響力 的 報紙 ，
LL	卑躬屈膝	是 他 對 中國 的 卑躬屈膝 ，
X		昨天 開始 ，
X		昨天 ，
X		既然 如此 ，
FW	捍衛 民主	既 無以 動搖 學子 捍衛 民主 決心 ，
X		既 由 美國 主導 ，
X		政媒商 聯手 反制 輿論 ，
X		政大 新聞 研究所 以 民調 指 九成四 民眾 認同 「 政府 逮捕 審訊 肇事 份子 」 。
X		指責 「 暴力 邊緣 」 的 主張 和 行動 ，
X		指 學運 受 民進黨 指使 。
X		恰巧 ，
X		急 高雄 所 急 全力 救災 重建
ATA	威爾遜	威爾遜 建議 美國 政府 以 實際 行動 促進 台灣 加入 ＴＰＰ ，
X		哀求 「 不要 再 打 了 ！
LL	自我 吞噬	卻 讓 馬英九 的 黨國 權勢 走向 自我 吞噬 。
X		卻 輸 了 台灣 」 。
LL	賠上	卻 賠上 專業 形象 。
X	樂於	卻 樂於 與 國際 接軌 。
LL	暴力 	卻 對 國家 暴力 閉口 不 談 。
X		卻 借題發揮 ，
X		卻 故意 無 所 作為 的 裡應外合 。
LL	自恃	卻 自恃 曾 受 多數 選民 付託 ，
LL	粗糙 	卻 在 政府 粗糙 輕忽 的 態度 中 ，
X	粗糙	卻 在 政府 粗糙 輕忽 的 態度 中 ，
HA	美麗島 事件	卻 仍 如 三十多 年前 美麗島 事件 的 翻版 。
X	三十多 年前 美麗島 事件 的 翻版	卻 仍 如 三十多 年前 美麗島 事件 的 翻版 。
X		卻 大 談 兩岸 經貿 合作 及 服貿 協議 。
X		卻 又 高唱 「 我們 永遠 是 一家人 」 ，
X		南韓 與 中國 要 簽訂 ＦＴＡ ，
X		南韓 出口 超越 台灣 ，
X		前天 記者會 ，
X		前 海軍 中將 柯政盛 遭 中國 吸收為 共諜 ，
LL	覺醒	促使 愈來愈 多 人民 覺醒 ，
X		促使 愈來愈 多 人民 覺醒 ，
LL	挺身而出	青年 學生 與 公民 挺身而出 ，
LL	害 台	阻擋 這 種 新 型態 的 「 無 作為 」 害 台 。
LL	門戶 洞開 ，	門戶 洞開 ，
X		門戶 洞開 ，
X		近年 ，
X	熱愛	表現 對 斯 土 斯 民 的 熱愛 、 對 民主 自由 的 堅持 ，
X	 堅持	表現 對 斯 土 斯 民 的 熱愛 、 對 民主 自由 的 堅持 ，
NCL	「 婉君 」	表面 上 雖 嘗試 向 「 婉君 」 靠攏 ，
LL	罔顧	罔顧 事實 ，
LL	罔顧 	罔顧 民怨 強推 服貿 ，
X		罔顧 民怨 強推 服貿 ，
LL	粗糙 	社論 ─ 粗糙 ． 粗暴 ． 蠻橫 ． 愚蠢
LL	粗暴 	社論 ─ 粗糙 ． 粗暴 ． 蠻橫 ． 愚蠢
LL	愚蠢	社論 ─ 粗糙 ． 粗暴 ． 蠻橫 ． 愚蠢
LL	「 改變成 真 」	社論 》 太陽花 開啟 了 「 改變成 真 」 新 境界
X		社論 》 小心 贏得 二○一六 輸掉 台灣
X		社會 也 不再 是 媒體 壟斷 的 年代 ，
X	 矚目	直 令 全球 矚目 。
X		法官 也 非 當年 軍法 體制 那般 聽命 ，
X		況且 韓 中 是 國 與 國 關係 ，
LL	蕩然無存	武德 蕩然無存 ，
PS	武官 還 怕 甚麼 ？	武官 還 怕 甚麼 ？
X		果真如此 ，
X		林中森 見到 中國 領導 ，
LL	杯葛	杯葛 與 重要 經貿 夥伴 簽署 ＦＴＡ ，
X		服貿協議 是 中台 一體 化 的 最後 一 塊 巨大 鋪路 石 ，
X		服貿 懷有 輕易 可 拆穿 的 政治 意圖 ，
X		服貿 協議 卻 沿用 了 這 不 對等 的 身分 在 洽談 ，
X		服貿 協議 及 兩岸 協議 監督 條例 的 爭議 ，
X		服貿 自 經 別 偷渡 」 ；
X		服貿 一旦 簽訂 ，
X		於是 ，
NCL	反 民主 鬧劇	於 立法院 聯席 會議 演出 「 送 立法院 院會 存查 」 的 反 民主 鬧劇 ，
LL	放任 	放任 中國 如 入 無 人 之 境 ，
X		抽出 枝條 來 ，
LL	抹黑	抹黑 民主 人士 的 謊言 ，
X		抹黑 民主 人士 的 謊言 ，
X		所謂 「 一國兩制 」 、 「 港人 治 港 」 、 「 高度 自治 」 攏 是 假 。
X		所有 質疑 、 反對 的 業者 、 學者 、 學生 、 民眾 ，
X		所有 這些 ，
X		所以 ，
PS	竟	或 不 該 開放 竟 開放 、 該 爭取 未 爭取 ，
X		或 不 該 開放 竟 開放 、 該 爭取 未 爭取 ，
X		始 自 二十 年前 ，
X		和 它 晚近 所 簽署 與 美國 、 歐盟 等 ＦＴＡ 並 不相干 ，
X		呼籲 在野黨 「 千萬 不要 贏 了 惡鬥 ，
X		受傷 保警 告訴 警政署長 孔令晟 「 你 給 我 慰問金 有 何 用 ，
X		受益 者 不只 財團 。
LL	衝擊	其 衝擊 遠大 於 其他 國家 業者 所 帶來 的 威脅 。
LL	威脅	其 衝擊 遠大 於 其他 國家 業者 所 帶來 的 威脅 。
LL	危機	其 間 隱藏 的 危機 ，
NCL	老共	其 結果 就 會 跟 老共 的 「 奪島 」 沒有 兩樣 。
X		其 結果 是 ，
FW	民意	其 所 表達 的 要求 政經 社會 變革 沛然 民意 ，
X		其 所 表現 的 爭取 民主 改革 、 追求 社會 公義 、 不 信任 中共 政權 的 公民 動員 自救 ，
DT	其 此 之 謂 乎 ？	其 此 之 謂 乎 ？
X		其 先前 的 權力 授予 也 已 不復 存在 ；
X		其 外 曾祖父 本土 前輩 作家 楊逵 的 小說 《 春光 關 不 住 》 描寫 ，
X		兩岸 統派 必然 樂 得 趕時間 ，
X		兩岸 洽簽 協議 或 相關 談判 理應 暫停 ，
X		兩岸 和平 統一 水到渠成 ；
X		兩岸 先後 加入 世界 貿易 組織 時 ，
X		例如 ，
X		事件 發生 之初 ，
X		事件 因 美麗島 雜誌社 辦 世界 人權日 集會 爆發 衝突 ，
X		事 屬 必然 ，
LL	罔顧	事 後 更 罔顧 眾多 各 行業 經營 者 不斷 提出 警告 ，
X		並且 要求 今天 立即 提出 妥善 處理 ，
FW	民意 	並 與 民意 站 在 對立面 ，
X		並 啟動 防空 因應 機制 ，
X		並 展現 加入 跨 太平洋 夥伴 協定 （ ＴＰＰ ） 的 決心 。
X		並 保留 一切 權利 。
X		並 保留 一切 權利 。
X		並 保留 一切 權利 。
X		並 保留 一切 權利 。
X		並 保留 一切 權利 。
X		並 保留 一切 權利 。
X		並 保留 一切 權利 。
NCL	「 抓漏 大隊 」	並 成立 「 抓漏 大隊 」 ，
X		並 不 是以 犯 內亂 、 外患罪 或 因 現役 期間 貪污 行為 判刑 ，
NCL	違法 總統	那麼 人民 就 必須 站出來 訓令 違法 總統 下台 。
X		那麼 人民 就 必須 站出來 訓令 違法 總統 下台 。
LL	逢迎	那些 逢迎 中國 來人 ，
X	逢迎 	那些 逢迎 中國 來人 ，
LL	高高在上	那 種 高高在上 的 優越感 ，
X		那 就是 ：
X		那 是 制度 造成 的 結果 。
LL	沒 救 的 	那 才 是 沒 救 的 悲哀 。
LL	見賢思齊 。	見賢思齊 。
X		見賢思齊 。
X		沒 錯 ，
X		決心 「 自己 的 香港 自己 救 」 ，
X		求 其 實現 ，
X		每 月 連同 十八％ 優惠 存款 在 內 ，
X		更何況 ，
X		更 是 控制 我國 物資 配送 的 渠道 。
LL	傷害	更 可能 幹下 嚴重 傷害 台灣 的 事 ；
X		更 可能 幹下 嚴重 傷害 台灣 的 事 ；
X		更 不容 挑戰 。
X		改革 中油 、 台電 等 公營 事業 ；
LL	爛 講義	把 爛 講義 再 念 一 遍 吧 。
X		把 爛 講義 再 念 一 遍 吧 。
NCL	把 國旗 收 起來 的 小 官 ，	把 國旗 收 起來 的 小 官 ，
LL	困境	把 台灣 帶 向 難以 擺脫 中國 的 困境 。
LL	抹黑	把 手無寸鐵 的 學生 抹黑 為 「 暴民 」 ，
LL	自 失	我們 對 相關 爭論 的 看法 是 ︰ 馬英九 自 失 總統 高度 ，
LL	危機 	我們 也 將 呼籲 全體 國人 必須 正視 這 個 最 危機 的 時刻 ，
LL	受 威脅 	我方 資訊 安全 受 威脅 的 風險 。
LL	風險	我方 資訊 安全 受 威脅 的 風險 。
X		我方 更 因 談判 代表 專業 與 警覺 不足 ，
X		我方 全 境 開放 ，
X		我 願 效法 吳鳳 ，
X		我 要 國家 存在 」 。
X		快速 有效 掌握 資訊 與 知識 ，
NCL	未來 的 主子	彷彿 是 為 未來 的 主子 爭取 立功 表現 。
LL	 賣國	形同 形同 賣國 叛國 ， ，
LL	叛國	形同 形同 賣國 叛國 ， ，
X		完成 超 穩定 一 中 結構 。
X		吾人 不 難 發現 ，
LL	動盪	否則 社稷 陷入 動盪 的 嚴重 後果 ，
LL	嚴重 	否則 社稷 陷入 動盪 的 嚴重 後果 ，
LL	報復	即使 司法 報復 ，
X		即可 看出 其中 落差 。
LL	製造 事端	即 官方 派 打手 混入 人群 製造 事端 嫁禍 黨 外 。
X	太陽花	即 反映 公眾 受 太陽花 影響 ，
LL	助成	助成 「 雨傘 革命 」 。
LL	權謀 	利用 權謀 算計 讓 太陽 花 學運 的 氣勢 再 而 衰 、 三 而 竭 ，
LL	算計	利用 權謀 算計 讓 太陽 花 學運 的 氣勢 再 而 衰 、 三 而 竭 ，
X		但是 人民 既然 有 疑慮 ，
X		但是 ，
X		但是 ，
LL	偷偷	但 雙方 貨貿 協議 談判 仍 偷偷 進行 ，
DS	絕非	但 製造 對立 絕非 正常 總統 所 當為 。
LL	傷害	但 傷害 更 大 的 ，
LL	無心 	但 無心 也 無能 的 馬 政府 能否 積極 行動 ，
NCL	無心 也 無能 的 馬 政府	但 無心 也 無能 的 馬 政府 能否 積極 行動 ，
LL	 優哉游哉 ，	但 國人 救災 、 馬英九 優哉游哉 ，
X		但 馬英九 的 反應 卻 是 ，
X		但 追求 個人 歷史 定位 的 馬英九 ，
ATA	希拉蕊	但 美國 前 國務卿 希拉蕊 （ Hillary Clinton ） 的 「 經濟 依賴 中國 、 台灣 容易 受傷 」 ，
X		但 後續 變革 工程 諸 事 未 舉 ，
X		但 股市 偏 不 配合 ，
X		但 其 要求 自由化 與 開放 標準 較 高 ，
X		但 判刑 刑度 卻 都 不 重 。
X		但 自由 經濟 示範區 草案 、 監督 條例 草案 與 服貿 協議 將 列入 下 會期 優先 議案 。
X		但 年輕人 所 關切 的 居住 正義 、 年金 改革 、 薪資 不 漲 、 黨產歸公 等 問題 ，
X		但 在 中肯 的 論點 之外 ，
X		但 台灣 人民 必須 嚴肅 提防 ，
X		但 不 反 國際化 ；
X		似乎 只 剩下 時間 的 早晚 了 。
X		行動 比 口號 更 真實 ，
LL	唬弄	行政 部門 推出 經貿 會議 、 監督 條例 唬弄 大眾 ，
X		至於 行政 團隊 ，
X		至少 被 舉出 了 政府 將 資料 處理 等 服務 開放給 中國 ，
LL	遭 打 臉	自製 服貿 「 懶人 包 」 也 遭 打 臉 ，
X		自此 邁向 崩解 。
X		自主 命運 誓 不 認命 ，
TTC	自不待言 。	自不待言 。
X		自己 送上門 去 給 他們 殺 。
X	不在話下	自 不在話下 。
X		而 疏於 監督 馬 政府 引進 中國 勢力 。
X		而 為了 利用 他 追求 終統 的 剩餘 價值 ，
LL	施暴	而 其 不 放棄 追訴 太陽花 青年 、 不 細究 對 手無寸鐵 民眾 施暴 的 公務員 ，
LL	開門揖盜	而 如此 開門揖盜 ，
X		而 在 前天 ，
X		而 台灣 暴亂 有利 中國 ，
X		而 不 是以 執政黨 主席 角度 ，
X		而 一九六○年 被迫 停刊 的 《 自由 中國 》 雜誌 ，
LL	恐嚇 牌	老是 拿 自由 貿易 及 韓國 恐嚇 牌 ，
NCL	老把戲	老把戲 打 不 倒 太陽 花 學子
X		老把戲 打 不 倒 太陽 花 學子
LL	併吞	此 兩 者 的 結局 都 一樣 有利於 中國 併吞 。
X		此 兩 者 的 結局 都 一樣 有利於 中國 併吞 。
X	高育仁	朱立倫 的 岳父 高育仁 ，
NCL	有識之士	有識之士 所 警告 的 「 今日 香港 ，
X		有識之士 所 警告 的 「 今日 香港 ，
LL	污名 化	有效 破除 了 當局 的 污名 化 圖謀 ，
LL	圖謀	有效 破除 了 當局 的 污名 化 圖謀 ，
X		有待 努力 的 事 還 很多 。
ATA	希拉蕊 ． 柯林頓	有如 希拉蕊 ． 柯林頓 所 說 ，
X		有如 本報 日昨 報導 ，
ATA	台灣 公報	有如 台灣 公報 （ Taiwan Communique ） 總編輯 韋傑理 （ Gerrit van der Wees ） 十一日 在 台北 時報 （ Taipei Times ） 的 文章 所 指出
X	心聲	有如 太陽花 的 代表 歌曲 「 島嶼 天光 」 所 唱出 的 普遍 心聲 與 目標 ，
FW	普遍 心聲	有如 太陽花 的 代表 歌曲 「 島嶼 天光 」 所 唱出 的 普遍 心聲 與 目標 ，
NCL	有 勝算 者	有 勝算 者 千萬 不能 被 可能 的 勝選 沖昏 了 頭 ，
LL	一意孤行	有 馬 主席 一意孤行 ，
X		有 馬 主席 一意孤行 ，
X		有 自己 的 軍隊 ，
X		有 平衡 中國 的 用意 ，
X	成功	成功 阻擋 黑箱 服 貿 ，
LL	黑 箱 	成功 阻擋 黑箱 服 貿 ，
LL	分贓 	忙著 分贓 分官搶 立委 ，
LL	分官	忙著 分贓 分官搶 立委 ，
X		忙著 分贓 分官搶 立委 ，
X		年輕人 所 重視 、 關心 的 事情 ，
X		如果 真的 是 「 福國利民 」 ，
X		如果 服務 貿易 和 貨品 貿易 協議 通過 ，
X		如果 再 加上 開放 不 對等 ，
LL	壯志	如此 壯志 與 決心 ，
X	決心	如此 壯志 與 決心 ，
X		如今 ，
X		如今 ，
X		如今 ，
X		多數 國人 希望 嚴 審 服貿 文本 ，
LL	有志一同	多數 民眾 有志一同 ，
X		多數 公民 更 明白 告訴 馬英九 ，
X		多 人 受傷 。
X		在野黨 與 公民 應 有 具體 對策 ，
X		在 雙方 開放 項目 不 對等 的 情況 下 ，
X		在 媒體 管制 的 年代 ，
X		在 剩下 的 任期 裡面 ，
NCL	國會 全武行	在 國會 全武行 的 混亂 中 ，
X		在 國會 全武行 的 混亂 中 ，
X		在 馬英九 僅 剩 的 一 年 多 任期 裡 ，
X		在 若干 情況 其實 已 是 「 今日 香港 ，
X		在 社論 主張 台灣 要 與 中國 簽訂 服貿 協議 ，
X		在 民主 國家 裡 ，
X		在 民主 時代 ，
X		在 民主 時代 ，
X		在 以 處置 災變 為 主題 的 場合 ，
NCL	九 趴 總統	在 九 趴 總統 所 剩 任期 ，
X	九 趴 總統	在 九 趴 總統 所 剩 任期 ，
X		因此 仍 可 領 中將 退伍 終身 俸 ，
X		因此 ，
X		因 服貿 協議 激發 的 太陽 花 學運 ，
X		因 服貿 協議 的 不 對等 開放 ，
LL	壓制	同時 壓制 在野黨 。
X		同時 壓制 在野黨 。
X		同時 ，
X		同時 ，
LL	石破天驚	各 方 對 這 一 石破天驚 的 公民 運動 熱烈 回顧 並 展望 。
X	熱烈	各 方 對 這 一 石破天驚 的 公民 運動 熱烈 回顧 並 展望 。
LL	失靈	匡正 代議 政治 失靈 的 國會 選制 改革 ，
X		再 加上 ，
DS	必須	全體 社會 必須 對 馬英九 所 領導 的 政府 與 國民黨 ，
X		全民 更 應 自救 。
X		全民 心繫 高雄 ，
X		先前 ，
LL	爽 歪歪	先 讓 那些 軍官 共諜 爽 歪歪 ，
X		先 經 北京 認可 已 有 其 例 ，
LL	操控	企圖 透過 篩選 候選人 以 操控 選舉 ，
LL	強 渡 關山	企圖 在 立法院 倚仗 優勢 強 渡 關山 ，
DS	絕不	任何 一 個 上軌道 的 國家 絕不 會 允許 在 毫無 討論 、 不准 修正 改良 的 粗暴 過程 中 ，
BW	任何 一 個 上軌道 的 國家 絕不 會 允許 在 毫無 討論 、 不准 修正 改良 的 粗暴 過程 中 ，	任何 一 個 上軌道 的 國家 絕不 會 允許 在 毫無 討論 、 不准 修正 改良 的 粗暴 過程 中 ，
LL	投票 部隊	立委 投票 部隊 玩弄 虛假 審查 招數 ，
LL	玩弄 	立委 投票 部隊 玩弄 虛假 審查 招數 ，
LL	招數	立委 投票 部隊 玩弄 虛假 審查 招數 ，
LL	 封殺	立刻 遭 中國 影視 公司 封殺 。
LL	回 嗆	立即 搬出 憲法 回 嗆 會 補提名單 ，
X	理想 	由於 青年 群眾 的 理想 、 熱情 與 堅持 ，
X	堅持	由於 青年 群眾 的 理想 、 熱情 與 堅持 ，
X		由於 他 被 以 違反 「 國安法 」 起訴 判刑 ，
X		由於 「 以 經 促 統 」 是 中國 明示 的 對付 台灣 策略 ，
LL	愚蠢 	犯下 諸多 愚蠢 且 致命 的 錯誤 。
LL	錯誤	犯下 諸多 愚蠢 且 致命 的 錯誤 。
FW	民調	民調 明白 顯示 ，
NCL	馬 黨國	民意 不 買 馬 黨國 的 帳 。
X		民間 團體 「 四一○ 還 權 於 民 」 繞行 國會 ，
X		民眾 僅 傷 一 人 。
LL	對付	正 是 中國 對付 台灣 的 「 口袋 戰術 」 ︰ 既 打壓 台灣 與 國際 經貿 互動 ，
FW	民意 	正 因 馬英九 與 民意 站 在 對立面 ，
NCL	列寧式 黨 機器	本錢 就 在於 列寧式 黨 機器 ，
X		本錢 就 在於 列寧式 黨 機器 ，
X		必須 確實 改革 ，
X		必須 透過 北京 ；
X		必須 強調 ，
LL	霸凌	必然 會 形成 對 民意 的 霸凌 ，
X		必然 會 形成 對 民意 的 霸凌 ，
X		必要 時 重新 談判 的 堅實 民意 所在 。
X		它 說明 了 ，
X		它 認定 台灣 避免 孤立 、 降低 對 中國 依賴 之 道 ，
X		它 把 事件 認定為 企圖 顛覆 政府 的 暴亂案 ，
X		它 形塑 黨 外 人士 暴力 屬性 ，
X		失去 社會 支持 ，
X		司法 追訴 行動 已然 展開 ，
X		台灣人 更 沒有 理由 相信 中國 的 『 一國兩制 』 。
LL	 封殺	台灣 藝人 聲援 學生 者 遭 中國 封殺 ，
X		台灣 藝人 聲援 學生 者 遭 中國 封殺 ，
X		台灣 應 修改 過時 管制 、 放寬 投資 限制 ，
X		台灣 與 香港 ，
X		台灣 對 中國 的 經濟 依賴 越 深 。
PS	台灣 經濟 會 愈 拚 愈 倒退 嗎 ？	台灣 經濟 會 愈 拚 愈 倒退 嗎 ？
X		台灣 經濟 會 愈 拚 愈 倒退 嗎 ？
X		台灣 經濟 將 被 中國 資本 掌控 。
X		台灣 經濟 要 有 出路 ，
X		台灣 無以 選賢與能 ，
X		台灣 處 危險 邊緣 。
X		台灣 迥異 香港 。
X		台灣 是 主權 獨立 的 國家 ，
LL	詬病	台灣 社會 所 詬病 的 「 一 條 龍 」 和 名勝 景點 嘈雜 紛亂 ，
NCL	「 一 條 龍 」	台灣 社會 所 詬病 的 「 一 條 龍 」 和 名勝 景點 嘈雜 紛亂 ，
LL	紛亂	台灣 社會 所 詬病 的 「 一 條 龍 」 和 名勝 景點 嘈雜 紛亂 ，
X		台灣 的 產業 ，
X		台灣 至少 在 面對 中國 時 ，
X	民主 氣爆	台灣 民主 氣爆 ，
LL	五花大綁	台灣 少數 特定 企業 五花大綁 去 中國 打拚 ，
NCL	「 今日 香港 」	台灣 不能 成為 「 今日 香港 」
X		台灣 已經 進入 民主 時代 ，
X	鄭秀玲	台灣 大學 經濟系 教授 鄭秀玲 最近 又 指出 一 項 新 論據 ，
X		台灣 人民 萬一 「 被 服貿 」 ，
X	關鍵	台灣 人民 當家 做主 的 關鍵 時刻 ，
X		台灣 人民 絕對 不會 輕易 放過 他 。
X		台灣 人民 的 眼睛 是 明亮 的 。
X		台灣 人民 多數 反 服貿 ，
X		台灣 人民 也 已 清楚 看出 ，
PS	竟	台獨 因此 竟 與 共產黨 畫上 等號 。
X		可是 ，
X		可見一斑 。
X		只是 假 的 真 不 了 ，
X		只是 再度 印證 其 不 知 自我 反省 的 個性 ，
NCL	追求 「 終極 統一 」 的 馬英九	只有 追求 「 終極 統一 」 的 馬英九 執迷不悟 。
X		只有 追求 「 終極 統一 」 的 馬英九 執迷不悟 。
X		只 會 讓 台灣 進一步 鎖 入 中國 ，
LL	垂涎三尺 	只 看到 讓 他們 垂涎三尺 的 「 領土 」 。
LL	變 不 出新 把戲	只 自 曝馬 政府 變 不 出新 把戲 ，
LL	墮落	只 凸顯 新黨國 的 墮落 。
X		只 凸顯 新黨國 的 墮落 。
X		另外 ，
X		去年 底 ，
X		半 年前 在 宜蘭 礁溪 舉行 的 第九 輪 洽談 引起 抗議 ，
X		北京 則 藉 此 加緊 入 島 統戰 。
X		北京 的 一百七十 個 欽 點 人大 代表 強 以 「 不符 國際 標準 的 普選 方案 」 ，
X		包裹 將 台灣 經濟 鎖進 中國 的 毒藥 。
X		包括 攻進 行政院 ，
X		包括 太陽花 或 在野黨 強力 監督 ，
X		加上 黑道 出動 ，
LL	「 無能 」	加上 一再 證明 的 「 無能 」 ，
X		加上 一再 證明 的 「 無能 」 ，
X		出現 今春 台灣 太陽 花 學運 的 類似 模式 ，
LL	專制	凸顯 專制 特質 。
X		凸顯 專制 特質 。
X	迎刃而解	以為 政權 到手 就 迎刃而解 ，
X		以為 政權 到手 就 迎刃而解 ，
X		以前 ，
X	 流血	以及 為了 服貿 不惜 讓 學生 流血 ，
X	周美青	以及 周美青 所謂 的 「 政府 覺得 已經 說 過 許多 次 了 ，
X	王建?	以及 王建?在 監察院長 任 上 也 紛紛 指稱 ，
X		以及 王建 ? 在 監察院長 任 上 也 紛紛 指稱 ，
LL	戲本	以上 戲本 說明 甚麼 ？
X		以上 戲本 說明 甚麼 ？
X		以 總統 高度 ，
X		以 增強 競爭力 ，
X		以 強調 「 自由 市場 、 自由人 」 自任 ，
X		以 法 「 治 」 人民 。
LL	目 無 頭家	他們 總是 目 無 頭家 ，
LL	暴力	他們 就 搬出 國家 暴力 來 「 法治 」 ：
X		他們 就 搬出 國家 暴力 來 「 法治 」 ：
X		他們 眼 中看 不 到 活生生 的 「 人民 」 ，
LL	背對 人民	他們 永遠 背對 人民 。
LL	臭 酸 的	他們 只 想 用 臭 酸 的 政治 宣導 來 洗 人民 的 腦 ，
LL	來 洗 人民 的 腦	他們 只 想 用 臭 酸 的 政治 宣導 來 洗 人民 的 腦 ，
X		他 還 有 權力 決定 合憲 不 合憲 。
LL	低聲下氣	他 為 「 馬習會 」 低聲下氣 ，
ATA	「 經濟 學人 」	他 的 無能 且 經 「 經濟 學人 」 國際 認證 。
X	經濟 學人	他 的 無能 且 經 「 經濟 學人 」 國際 認證 。
X		他 所謂 的 「 拚 經濟 」 ，
X		他 把 矛頭 指向 在野黨 的 「 暴力 杯葛 」 ，
LL	撐腰	他 只 能 倚賴 中國 撐腰 ，
X		他 只 能 倚賴 中國 撐腰 ，
FW	心聲 	主要 政黨 及 政治 領袖 不可 漠視 這 一 人民 求變 求新 求 合理 的 心聲 與 要求 。
X		主要 政黨 及 政治 領袖 不可 漠視 這 一 人民 求變 求新 求 合理 的 心聲 與 要求 。
X	極為 	且 對 台灣 而 言 極為 可悲 的 是 ：
LL	可悲	且 對 台灣 而 言 極為 可悲 的 是 ：
NCL	中國 台商 投票 部隊	且 發動 中國 台商 投票 部隊 ，
X		且 發生 於 「 十．一 」 中國 國慶 期間 ，
LL	食髓知味 ，	且 食髓知味 ，
X		且 非 太陽 花 學運 等 公民 運動 所 能 有效 制衡 ，
X		且 明顯 反映 於 民調 ，
X		且 因 黨 外 人士 本土化 的 主張 ，
X		且 外溢 全 國 ，
X		且 支持 太陽花 占領 議場 運動 ，
X		王郁琦 辭職 前 ，
X		水泥塊 底下 「 壓 不 扁 的 玫瑰 」 找到 一 條 小小 的 縫 ，
X		日前 民調 顯示 ，
X		文宣 攻勢 更 猛 。
LL	媚共	文官 媚共 不 以 為恥 ，
X		文官 媚共 不 以 為恥 ，
LL	嚴峻 	尤其 是 嚴峻 的 傷害 。
LL	傷害	尤其 是 嚴峻 的 傷害 。
X		尤其 他 至今 仍 企圖 一 圓 「 馬習會 」 幻想 ，
X		尤有甚者 ，
LL	啟發	太陽花 雖 「 有 歷史 啟發 作用 」 ，
X		太陽花 學運 雖 打亂 馬政府 佈局 ，
LL	公民 覺醒	太陽花 學運 為 代表 的 公民 覺醒 ，
X		太陽花 學運 為 代表 的 公民 覺醒 ，
X	加持	太陽花 既 經 九 合一 加持 ，
LL	熱力	太陽花 的 熱力 還 渡海 到 香港 ，
X		太陽花 的 熱力 還 渡海 到 香港 ，
X		太陽花 所 激發 的 變革 要求 ，
LL	黑箱	反對 黑箱 服貿 ，
LL	語言 暴力	反而 是 政府 的 語言 暴力 不斷 升級 ，
X		反而 是 政府 的 語言 暴力 不斷 升級 ，
X		六 年 來 中 的 連結國 措施 ，
LL	公民 覺醒	公民 覺醒 遍 地 開花 。
LL	遍 地 開花	公民 覺醒 遍 地 開花 。
X		公民 團體 的 關切 ，
X		公民 團體 已經 在 立法院 前 展開 靜坐 ，
X		公民 不 服從 運動 直指 北京 當局 與 香港 政府 ，
X		仍 強調 與 中國 的 ＥＣＦＡ ，
LL	濫行	仍 執意 濫行 ，
LL	賤 招	仍 重拾 已經 失敗 的 賤 招 對付 學生 。
X		仍 待 積極 推進 。
X		仍 未 有 實質 進展 。
X		今後 只 會 更 明顯 ，
X		今天 的 義務 律師團 比 當年 人 多 而 勢眾 ，
X		今天 ，
X		今天 ，
X		五十萬 人 走上 凱道 ，
X		中資 企業 整合 其上 、 中 、 下游 業者 來 台 經營 的 一 條 龍 模式 ，
X		中資 企業 幾乎 是 大型 國營 企業 ，
X		中國化 仍 是 他 優先 不變 的 目標 ，
X		中國 觀光客 成為 最 大 宗 ，
X		中國 壓制 越 甚 ，
X	老調	中國 領導人 習近平 上 週 重彈 當年 鄧小平 針對 台灣 的 「 一國兩制 」 老調 ，
X		中國 與 台灣 的 身分 並 不 相同 ，
LL	玩弄	中國 殖民 與 玩弄 香港 的 本質 顯露 無遺 ，
X		中國 這 一 謀取 台灣 策略 ，
LL	門戶 大開	中國 國企 卻 可 全面 進入 門戶 大開 的 台灣 ，
LL	罔顧	中國 國民黨 所 掌控 的 立法院 罔顧 民意 ，
NCL	元凶	中國 是 孤立 台灣 的 元凶 。
X		中國 是 「 開發 中 國家 」 ，
X		中國 政策 之外 ，
LL	併吞	中國 卻 以 併吞 台灣 為 目標 ，
X		中國 在 十五 日 試飛 M 503 航路 ，
LL	矛盾	中國 必 會 利用 馬朱 的 黨政 矛盾 ，
X		中國 加入 ＷＴＯ 的 開放 承諾 是 最 基本 的 極少 項目 ，
X		中國 不但 直接 影響 台灣 大選 ，
LL	敲詐	中國 也 極 有 技巧 地 敲詐 馬英九 奉送 更多 的 籌碼 ，
LL	慢半拍	中央 慢半拍 ，
X		不顧 自己 以前 讓 監察院 空 窗 三 年 。
ATA	華爾街日報	不論 馬英九 的 講話 或 華爾街日報 社論 ，
X		不論 太陽花 學運 或 至今 在 國會 的 立法 延宕 ，
X		不敵 「 苦肉計 」 的 民間 版本 ，
X		不過 是 「 祖國 神聖 的 領土 」 ，
X		不過 ，
X		不過 ，
LL	幹譙	不僅 國人 一 片 幹譙 ，
LL	向 中國 傾斜	不僅 是 政策 向 中國 傾斜 ，
X		不僅 武官 ，
X		不僅 如此 ，
LL	令 人 感嘆	不能不 令 人 感嘆 ，
X		不容 監督 ，
LL	搪塞 	不容 主管 部門 再行 搪塞 卸責 。
X		不容 主管 部門 再行 搪塞 卸責 。
X		不要 說 一般 民眾 ，
X	喚起 	不但 喚起 民眾 ，
LL	 熱潮	不但 在 台北 捲起 柯 Ｐ 熱潮 ，
X		不但 在 台北 捲起 柯 Ｐ 熱潮 ，
X		不在話下 。
TTC	不 誠 無物	不 誠 無物 ，
LL	閉門思過	不 是 更 應該 閉門思過 、 內慚 神明 嗎 ？
LL	內慚 神明	不 是 更 應該 閉門思過 、 內慚 神明 嗎 ？
PS	不 是 更 應該 閉門思過 、 內慚 神明 嗎 ？	不 是 更 應該 閉門思過 、 內慚 神明 嗎 ？
X		不 思 積極 兌現 競選 承諾 ，
X		不 知 要 到 何 年 何 月 ？
X		不 分 場合 指責 在野黨 的 不 是 ，
X		才能 加入 。
FW	公眾 支持	才 有 可能 獲得 公眾 支持 ，
LL	癱瘓	已經 讓 國會 今後 就此 癱瘓 、 永無寧日 ，
LL	永無寧日	已經 讓 國會 今後 就此 癱瘓 、 永無寧日 ，
LL	復健	已經 指出 台灣 民主 復健 的 方向 ，
X		已 確定 不 開 第三 次 臨時會 ，
X		大舉 逮捕 審判 入獄 。
X		大選 既 受 中國 左右 ，
X		大學 教授 校長 支持 學運 者 眾 。
X		大張旗鼓 地 藉機 「 鎮暴 」 ，
X		大家 並 沒有 看到 學生 有 甚麼 「 暴行 」 ，
LL	大放厥詞 。	大放厥詞 。
X		大官 慰問 受傷 員警 ，
HA	美麗島 事件	凡 此手法 都 見 諸 美麗島 事件 。
X		凡 此 ，
LL	低迷	也許 自認 拉高 藍 綠 對抗 有助 拉抬 個人 和 執政黨 低迷 的 人氣 ，
LL	寶貴 的	也 讓 台灣 社會 上 了 一 堂 寶貴 的 民主 課程 。
LL	震撼 	也 震撼 馬 黨國 ，
X		也 震撼 馬 黨國 ，
X		也 與 台灣 人民 普遍 認知 相反 。
LL	誘使	也 透過 ＥＣＦＡ 、 服貿 誘使 台灣 落入 預設 的 陷阱 ，
LL	陷阱	也 透過 ＥＣＦＡ 、 服貿 誘使 台灣 落入 預設 的 陷阱 ，
X		也 看 不 到 人民 賴以 維生 的 「 土地 」 ，
X		也 是 馬英九 目前 應當 有所 作為 ，
X	關鍵	也 是 即將 下台 的 馬英九 們 的 關鍵 時刻 。
NCL	馬英九 們	也 是 即將 下台 的 馬英九 們 的 關鍵 時刻 。
X		也 早已 有 人 開始 搶先 為 中國 服務 ，
X		也 收拾 不 了 學運 已然 喚起 的 民心 。
LL	任 人 宰割	下場 就是 這樣 任 人 宰割 ！
X	任 人 宰割	下場 就是 這樣 任 人 宰割 ！
LL	吐 槽	三一八 週年 日 卻 不惜 對 民間版 「 兩岸 監督 條例 」 吐 槽 ，
X		三一八 週年 日 卻 不惜 對 民間版 「 兩岸 監督 條例 」 吐 槽 ，
X		三一八 這 一 天 ，
X		三一八 太陽 花 學運 屆滿 週年 ，
X		又 趁機 責難 在野黨 ，
LL	障礙	八月 又 對 香港 特首 普選 橫置 障礙 ，
X		八月 又 對 香港 特首 普選 橫置 障礙 ，
X	人民 死活 	人民 死活 都 無所謂 。
X		人民 死活 都 無所謂 。
X		人心 向背 的 原因 很 簡單 ，
X		二○一二年 總統 大選 前 公開 表態 ，
NCL	九 趴 總統	九 趴 總統 至今 仍 執迷 不誤 、 一意孤行 。
LL	執迷 不誤	九 趴 總統 至今 仍 執迷 不誤 、 一意孤行 。
X	執迷 不誤	九 趴 總統 至今 仍 執迷 不誤 、 一意孤行 。
X		九 合一 選舉 ，
LL	一意孤行 ，	一意孤行 ，
X	一步步 走向 權力 終點 的 馬英九	一步步 走向 權力 終點 的 馬英九 ，
X		一如 當年 ，
HA	美麗島 事件	一如 一九七九年 的 美麗島 事件 ，
LL	紙上談兵	一切 都 仍 停留 在 紙上談兵 階段 ；
X		一九四七年 二月 二十八日 國民黨 暴力 鎮壓 反 政府 示威 ，
X		一九七九年 十二月 十日 發生 在 高雄 的 事件 ，
ATA	中國 移居 美國 的 經濟 社會 學者	一 位 中國 移居 美國 的 經濟 社會 學者 則 指出 ：
X		一 年前 的 三一八 ，
X		一 年 後 看 太陽花 ，
X		一 年 來 儘管 服貿 協議 尚未 經 國會 審議 通過 ，
X		一 年 來 「 本 黨 深 自 反省 」 ，
X		M 503 航路 通行無阻 ，
X		M 503 航路 終於 到手 ，
X		… 一直 到 希望 的 光線 ，
X		」 報紙 刊出 來自 花蓮 的 女性 「 跪 求 暴徒 」 照片 ，
NCL	「 現代 吳鳳 」	」 好個 「 現代 吳鳳 」 與 「 勇敢 婦人 」 ，
NCL	勇敢 婦人	」 好個 「 現代 吳鳳 」 與 「 勇敢 婦人 」 ，
X		」 也 有 不少 人 警示 ，
ATA	《 紐約時報 》	」 《 紐約時報 》 指出 ，
X		「 讓 立法院 的 高 牆 倒下 」 。
X	當然	「 鐵蹄 」 當然 更 壓 不 扁 玫瑰 ！
NCL	「 鐵蹄 」	「 鐵蹄 」 當然 更 擋不住 大江東 流 ！
X		「 鐵蹄 」 當然 更 擋不住 大江東 流 ！
X		「 象徵 著 在 日本 軍閥 鐵蹄 下 的 台灣 人民 的 心 」 。
NCL	「 馬卡茸 總統 」	「 馬卡茸 總統 」 領導 的 「 太陽餅 馬戲團 」 ，
NCL	「 太陽餅 馬戲團 」	「 馬卡茸 總統 」 領導 的 「 太陽餅 馬戲團 」 ，
X		「 逆轉 一 地 命運 ，
ATA	「 紐約時報 」	「 紐約時報 」 本 週二 社論 指 「 在 香港 事態 之後 ，
LL	「 氣 爆扯 服貿 」	「 氣 爆扯 服貿 」 ，
PS	竟然	「 軍審法 」 在 洪仲丘案 後 的 修正 ，
X		「 為了 守護 咱 的 夢 ，
X		「 後果 要 全民 承擔 」 ，
LL	不 倫	「 南韓 威脅 論 」 顯然 比擬 不 倫 。
LL	食言而肥	「 雨傘 革命 」 肇因 於 中國 食言而肥 ，
X		「 雨傘 革命 」 凸顯 港人 不甘 當 另 一 個 中國 城市 ，
X		「 兩岸 服務 貿易 協議 」 昨天 在 國民黨 立委 張慶忠 擔任 主席 下 ，
X	「 兩 人 三 腳 」	「 兩 人 三 腳 」 繼續 行使 權力 。
X		「 如果 這些 暴徒 還要 鬧事 ，
X		「 台北 的 血腥場 面 令 人 回想到 一 個 截然不同 、 更 黑暗 的 年代 ：
NCL	「 半 分 忠 」	「 半 分 忠 」 引爆 民怨 火山 噴發 ，
X		「 以 黨 領 政 」 ，
LL	 毀滅 	「 以 民主 之 名 毀滅 民主 價值 」 ，
X	「 今日 香港	「 今日 香港 ，
ATA	《 彭博 商業 周刊 》	《 彭博 商業 周刊 》 的 評論 稱 ，
ATA	《 時代 》	《 時代 》 駐 北京 特派員 指出 ，
